{"metadata":{"version":4.5,"type":"Object","generator":"Object3D.toJSON"},"object":{"uuid":"30f203ce-8353-410a-81bf-1424a932ae7b","type":"ScriptObject","name":"cubes.ts","layers":1,"matrix":[1,0,0,0,0,1,0,0,0,0,1,0,0,0,0,1],"code":"cubes.ts","children":[]},"code":"\nlet material: Material;\nlet group: Group;\n\nasync function start() {\n\n  group = await lib.AddGroup(\"Circle cubes\");\n\n  [material] = await lib.GetMaterials(\"CubeMat\");\n\n  if (material == undefined) {\n\n    material = await lib.CreateMaterial(\"Lambert\");\n\n    await lib.SetMaterialValue(material, \"name\", \"CubeMat\");\n\n  };\n\n  const radius = 5;\n  const cubes: Object3D[] = [];\n\n  for (let i = 0; i < 20; i++) {\n\n    const cube = await lib.AddDefaultObject('cube', {\n      width: 1,\n      height: 1,\n      depth: 1,\n      widthSegments: 1,\n      heightSegments: 1,\n      depthSegments: 1,\n      material: material\n    }, group);\n\n    let x = radius * Math.cos(i / 20 * 2 * Math.PI);\n    let y = radius * Math.sin(i / 20 * 2 * Math.PI);\n\n    await lib.SetPosition(cube, false, [x, y, 0]);\n\n    cubes.push(cube);\n  }\n};\n\nasync function update() {\n\n  await sandbox.Timeout(1000);\n\n  let scale = Math.abs(Math.sin(Date.now() / 400) * 0.75);\n\n  await lib.SetScale(group, false, [scale, scale, scale])\n}\n"}