{"metadata":{"version":4.5,"type":"Object","generator":"Object3D.toJSON"},"object":{"uuid":"5d7b81f0-7f64-4ecb-8879-279ffd794eab","type":"ScriptObject","name":"component_test.ts","layers":1,"matrix":[1,0,0,0,0,1,0,0,0,0,1,0,0,0,0,1],"code":"component_test.ts","children":[]},"code":"\n\nlet component = sandbox.CreateComponent(\"Component\");\n\nlet text = component.createOption(\"A text\", \"text\", \"Hello world\");\n\nlet numb = component.createOption(\"A number\", \"number\", 1000);\n\nasync function start() {\n\n  console.log(\"Start:\", text.value, numb.value)\n};\n\nasync function update() {\n\n  await sandbox.Timeout(1000)\n\n  console.log(\"Update:\", text.value, numb.value)\n};\n\n"}